raw_cpm,peaks,left_score,right_score,dominance,left_gyro_std,right_gyro_std,left_acc_std,right_acc_std,total_gyro_std,total_acc_std,gyro_std_ratio_l_over_r,acc_std_ratio_l_over_r,target_cpm,source_file,start_s,end_s
108.43373493975903,4.0,0.6066537395382965,0.3593666302916463,1.6881192865513495,0.14778103194343825,0.09148238578258447,0.019131746453681108,0.011480015321688849,0.23926341772602272,0.030611761775369957,1.6154042188476831,1.6665262125161169,72.28915662650601,rate_calibration_04.csv,1.5,3.49
78.94736842105263,3.0,0.604389019916021,0.444331718338133,1.3602202925699884,0.14649860001308526,0.09549654436661595,0.016799029945304866,0.011452337069799498,0.2419951443797012,0.02825136701510436,1.5340722639205655,1.466864784272279,72.28915662650601,rate_calibration_04.csv,2.0,3.99
114.64968152866243,4.0,0.649995441514512,0.4465537420283905,1.4555816698837278,0.13200988593001273,0.09733215878194598,0.01698718999170601,0.010770204238670587,0.2293420447119587,0.027757394230376597,1.3562823180132635,1.5772393554723165,71.42857142857144,rate_calibration_04.csv,2.5,4.49
130.43478260869566,4.0,0.5832925408289424,0.4127997906087794,1.4130155927858579,0.10248803214820279,0.09319021880766118,0.01634993013698199,0.013752993539114732,0.19567825095586397,0.030102923676096724,1.0997724166710212,1.1888270063154862,71.42857142857144,rate_calibration_04.csv,3.0,4.99
102.27272727272727,4.0,0.5859592530730127,0.35485809004197794,1.651249526264701,0.10188848802942643,0.09641893976796487,0.015880577560854692,0.013774954189307244,0.1983074277973913,0.02965553175016194,1.0567269073340175,1.1528588293369375,69.76744186046513,rate_calibration_04.csv,3.5,5.49
111.1111111111111,4.0,0.455607998191205,0.3354671099762666,1.358130155362885,0.08554292103564703,0.09125512236187121,0.015612200985408435,0.0142713183881934,0.17679804339751826,0.029883519373601834,0.9374040472646291,1.093956462937884,68.9655172413793,rate_calibration_04.csv,4.0,5.99
112.5,4.0,0.4910218997327671,0.3343755484175532,1.4684743009964383,0.0874624744495482,0.09692044881668209,0.011173130457478869,0.014749691232237018,0.1843829232662303,0.025922821689715887,0.9024150787309813,0.7575162273945644,66.29834254143644,rate_calibration_04.csv,4.5,6.49
126.31578947368422,3.0,0.35087680714942787,0.3036207984325462,1.1556415402398077,0.08222809513026169,0.093376906834002,0.010150386937811015,0.011591232556095364,0.1756050019642637,0.021741619493906378,0.8806041870335266,0.8756952195280849,67.0391061452514,rate_calibration_04.csv,5.0,6.99
85.71428571428572,3.0,0.38856268910397074,0.346913878950145,1.1200551856843153,0.09856014455840321,0.09270978906622719,0.010674538229559482,0.01302190305767142,0.1912699336246304,0.0236964412872309,1.0631039672412244,0.8197371906613092,67.0391061452514,rate_calibration_04.csv,5.5,7.49
105.26315789473685,3.0,0.3126005875134943,0.3386389123887419,1.0832958283359706,0.09700484597521487,0.10186566936316796,0.009816996114467376,0.011762957476470878,0.19887051533838285,0.021579953590938256,0.9522820257468348,0.8345686987395853,65.2173913043478,rate_calibration_04.csv,6.0,7.99
74.53416149068323,3.0,0.41221622242482026,0.32528710854058634,1.267238115504315,0.11109767845892234,0.0921915362131742,0.010999377375750519,0.012894735602607812,0.20328921467209654,0.02389411297835833,1.2050745981933908,0.8530130213391907,65.2173913043478,rate_calibration_04.csv,6.5,8.49
75.94936708860759,3.0,0.42525145203924775,0.296592973386103,1.4337880199395616,0.11653242401708773,0.08596897779307339,0.01244811909430812,0.011897835617596757,0.20250140181016113,0.02434595471190488,1.3555171529150933,1.0462507210889265,60.30150753768841,rate_calibration_04.csv,7.0,8.99
131.86813186813185,3.0,0.5342123887904405,0.2776918156737163,1.9237599332712492,0.14510140263353918,0.08049038135470037,0.013666019915335016,0.011750325508663693,0.22559178398823954,0.02541634542399871,1.8027172960470232,1.16303330535472,60.0,rate_calibration_04.csv,7.5,9.49
104.04624277456648,4.0,0.6232904791896529,0.308323961838648,2.021544078094822,0.144592902841428,0.07138816410413305,0.014450639503568757,0.011498387433159622,0.21598106694556107,0.02594902693672838,2.0254464399800516,1.256753574148605,63.15789473684215,rate_calibration_04.csv,8.0,9.99
101.12359550561797,4.0,0.6835487802530212,0.2686260181596453,2.544611221712656,0.15458469641629852,0.07270537434029244,0.01417926849248089,0.010010377097884363,0.22729007075659097,0.024189645590365252,2.1261797744521007,1.4164569779771432,66.66666666666677,rate_calibration_04.csv,8.5,10.49
94.73684210526316,4.0,0.6842017645691012,0.3090664818316226,2.2137688969515943,0.1531368430412395,0.0753605646394415,0.012250550356397423,0.010781163689127167,0.228497407680681,0.02303171404552459,2.032055409535668,1.1362920283598084,65.93406593406598,rate_calibration_04.csv,9.0,10.99
111.1111111111111,3.0,0.512417233654913,0.3567751097870434,1.4362471472877445,0.13351245769296288,0.08153982414038591,0.011516904937843271,0.010735389990768052,0.2150522818333488,0.022252294928611326,1.637389571298271,1.0727980024710129,65.21739130434783,rate_calibration_04.csv,9.5,11.49
89.55223880597016,3.0,0.5847617633002606,0.33591965464854,1.740778651109518,0.14800758570493155,0.07898714770266214,0.013494287833492288,0.01128874199067473,0.22699473340759369,0.024783029824167017,1.8738185896025612,1.195375697720746,65.57377049180327,rate_calibration_04.csv,10.0,11.99
103.44827586206897,3.0,0.4944521847442483,0.35781985033929503,1.3818467149751321,0.12578723571962774,0.08137687997356183,0.01537202290133212,0.012227173730041056,0.20716411569318957,0.027599196631373175,1.5457367714330434,1.2572016428918855,65.93406593406593,rate_calibration_04.csv,10.5,12.49
109.09090909090911,4.0,0.598617888052431,0.34569067219563077,1.7316576239976342,0.13639709755139917,0.07804473932059584,0.01649108204736762,0.012909438727294524,0.21444183687199503,0.029400520774662146,1.7476783027117404,1.277443767752691,66.29834254143644,rate_calibration_04.csv,11.0,12.99
120.80536912751678,4.0,0.4788422103502596,0.3082615033634658,1.553363638098089,0.11750761792595915,0.07332532295973236,0.016264107845128842,0.011644005540828567,0.19083294088569153,0.02790811338595741,1.6025516585926274,1.3967794663185567,66.66666666666664,rate_calibration_04.csv,11.5,13.49
70.17543859649123,3.0,0.43819596986356923,0.3181804984162521,1.3771930462259496,0.1230157269997098,0.07326847092296603,0.01628617079840184,0.011362140648840245,0.19628419792267582,0.027648311447242085,1.67897221615349,1.4333716948015602,66.29834254143644,rate_calibration_04.csv,12.0,13.99
101.69491525423729,4.0,0.48116138296611155,0.26734294908118206,1.799790810342265,0.12495582495593965,0.06173955231164124,0.013996671927974458,0.010121301736434397,0.1866953772675809,0.024117973664408855,2.0239185461728515,1.3828924670420213,63.82978723404253,rate_calibration_04.csv,12.5,14.49
97.82608695652173,4.0,0.47336609243864664,0.24048544232005925,1.96837732825694,0.11952386851598683,0.055730476731427156,0.014505936719689857,0.0089988997136048,0.17525434524741398,0.02350483643329466,2.1446769438558513,1.6119678162163933,63.82978723404253,rate_calibration_04.csv,13.0,14.99
112.5,4.0,0.46688728718114064,0.21783456406544138,2.1433113206078693,0.12129518808956088,0.056471410432294304,0.014384418001376329,0.00922196283310795,0.1777665985218552,0.023606380834484277,2.147904349493559,1.5598000405872976,65.93406593406593,rate_calibration_04.csv,13.5,15.49
111.80124223602485,4.0,0.37656711158108996,0.20092475812017901,1.8741697892494367,0.10914988741480867,0.06049299730515143,0.012699595170110793,0.009285441044030236,0.1696428847199601,0.02198503621414103,1.8043392173843193,1.3676889562801728,65.93406593406593,rate_calibration_04.csv,14.0,15.99
116.88311688311688,4.0,0.37085674031308474,0.2387521472628758,1.5533126908582582,0.10472758535395948,0.060866774526344404,0.012668300964229504,0.00864870577973745,0.16559435988030388,0.021317006743966953,1.7206035011536747,1.4647626230862576,66.29834254143644,rate_calibration_04.csv,14.5,16.49
81.08108108108108,3.0,0.34244023877938357,0.23847170464474954,1.4359784918278484,0.09911932352907436,0.06912223323036219,0.01087396478681395,0.010457656668153186,0.16824155675943656,0.021331621454967135,1.4339716600119314,1.039808929655202,62.49999999999994,rate_calibration_04.csv,15.0,16.99
81.08108108108108,3.0,0.3868577043296982,0.262636911736119,1.4729753779559682,0.11329128596730322,0.06945750099940486,0.012067608273994184,0.010195483936269411,0.18274878696670807,0.022263092210263596,1.6310878499396912,1.1836229010243329,66.29834254143651,rate_calibration_04.csv,15.5,17.49
111.80124223602483,4.0,0.40923669089455394,0.2897536209699659,1.4123609207181331,0.09779146789080428,0.07662977588496571,0.011786483500009543,0.01038939466212698,0.17442124377577,0.022175878162136523,1.2761549510154626,1.1344725928042223,70.58823529411782,rate_calibration_04.csv,16.0,17.99
102.27272727272727,4.0,0.4668161710754479,0.2504058897206225,1.8642379841635277,0.1162577953677033,0.07646339942571552,0.013508699715293651,0.01065524154393682,0.19272119479341882,0.02416394125923047,1.5204371796292968,1.267798543992702,66.29834254143651,rate_calibration_04.csv,16.5,18.49
103.44827586206897,4.0,0.3654381188970379,0.29525185875136223,1.237716573377379,0.10592409243392403,0.07656634831656511,0.013585578858990434,0.008805723559326234,0.18249044075048915,0.022391302418316668,1.383428813869753,1.5428123273983323,62.49999999999994,rate_calibration_04.csv,17.0,18.99
95.74468085106382,4.0,0.43805364272851083,0.22196791617323752,1.973499820517424,0.1141894324488281,0.074678866299409,0.012603978714886312,0.009966991183607169,0.18886829874823707,0.02257096989849348,1.5290729239382117,1.264572074230007,60.91370558375627,rate_calibration_04.csv,17.5,19.49
101.69491525423729,4.0,0.39032866352671536,0.27000503499226897,1.4456347583958633,0.11564150978491598,0.07425793530236252,0.012300994230694463,0.009512806464492256,0.18989944508727852,0.02181380069518672,1.5572949788335528,1.2930983381833183,59.40594059405932,rate_calibration_04.csv,18.0,19.99
105.26315789473685,4.0,0.42188403707653577,0.28315851835797784,1.4899217566295384,0.10667155991401872,0.07550998760566371,0.010337416955009403,0.010480701462084492,0.18218154751968244,0.020818118417093898,1.412681465014804,0.9863287292750927,62.82722513089005,rate_calibration_04.csv,18.5,20.49
105.88235294117648,4.0,0.4192534448130122,0.3009755119531454,1.3929819143501607,0.10786954783992192,0.07210440200553496,0.01070090163192527,0.01084868907584786,0.1799739498454569,0.02154959070777313,1.4960188953739817,0.986377391508841,66.66666666666677,rate_calibration_04.csv,19.0,20.99
120.80536912751678,4.0,0.4256774687544063,0.3189550364587803,1.3346002417159453,0.10265442420267418,0.07792131607102888,0.011138987392538201,0.009566069266206376,0.18057574027370304,0.02070505665874458,1.3174113243813788,1.1644267966873711,66.66666666666677,rate_calibration_04.csv,19.5,21.49
102.85714285714285,4.0,0.45862727628776867,0.2858219885103335,1.6045906008773976,0.10197807567168392,0.07946815131606824,0.011718520429228049,0.009829191383061466,0.18144622698775215,0.021547711812289514,1.2832571789179676,1.1922161216051244,64.51612903225808,rate_calibration_04.csv,20.0,21.99
94.24083769633509,4.0,0.5091823703713232,0.3039658619222476,1.6751301187288214,0.11755349724478309,0.08238862518549735,0.011390884913846442,0.008855264051011067,0.19994212243028042,0.02024614896485751,1.4268170755381864,1.2863405143233269,64.51612903225808,rate_calibration_04.csv,20.5,22.49
108.43373493975903,4.0,0.5034934905863461,0.3023083382807421,1.66549653724328,0.1378120410863656,0.08764397783573792,0.012918715959104807,0.008097085599501796,0.22545601892210354,0.021015801558606603,1.5724074202183351,1.5954772615840545,72.28915662650601,rate_calibration_04.csv,21.0,22.99
124.13793103448275,4.0,0.5398775226304369,0.363597446351492,1.4848220966561294,0.12199485453001441,0.08376503294622827,0.012224683770336232,0.00831911427195928,0.2057598874762427,0.020543798042295513,1.4563935599276516,1.4694693894927267,81.08108108108105,rate_calibration_04.csv,21.5,23.49
124.35233160621762,5.0,0.7085570875688603,0.30915068012467783,2.2919473678114026,0.14625426440991274,0.07566215070767902,0.015969795049175593,0.008418070703977733,0.22191641511759175,0.024387865753153326,1.9329911064115344,1.897084927265994,81.08108108108105,rate_calibration_04.csv,22.0,23.99
125.0,4.0,0.655334569997165,0.302378752122133,2.167263954222784,0.15728389100234869,0.07069487698625378,0.017608973409069976,0.008782184578554664,0.22797876798860245,0.02639115798762464,2.2248272817976846,2.005078947221124,77.41935483870964,rate_calibration_04.csv,22.5,24.49
116.88311688311688,4.0,0.6054855170942987,0.28538096394631096,2.121674510876659,0.14360564324495348,0.06091955630305168,0.016643205160018153,0.009466536811829303,0.20452519954800516,0.026109741971847455,2.3572995596121857,1.7581091682040413,79.64601769911499,rate_calibration_04.csv,23.0,24.99
125.0,4.0,0.6825772270880159,0.2767925631430465,2.466024445661352,0.1710289547777255,0.06705469992965432,0.018406629509042725,0.011008357442043015,0.23808365470737983,0.029414986951085742,2.550588623275451,1.6720595789108645,81.08108108108105,rate_calibration_04.csv,23.5,25.49
105.26315789473685,4.0,0.635238839295651,0.3098747232214097,2.049985983663999,0.1646639306385605,0.07892726910940152,0.016229593575520663,0.012732921157684056,0.243591199747962,0.02896251473320472,2.0862742686601625,1.2746166707964288,80.53691275167775,rate_calibration_04.csv,24.0,25.99
96.7741935483871,4.0,0.6273235343463033,0.3392650731652404,1.8490660665230425,0.16396122836100718,0.08134924384200592,0.014364667533115808,0.012771820485866387,0.2453104722030131,0.027136488018982195,2.0155224636070104,1.1247157403294312,84.11214953271026,rate_calibration_04.csv,24.5,26.49
120.80536912751678,4.0,0.634123033498619,0.41784439213820734,1.5176057054485363,0.17110274169603165,0.13076401403062168,0.01535917957563182,0.013759217189959495,0.30186675572665334,0.029118396765591317,1.308484929622638,1.116282951535925,83.91608391608393,rate_calibration_04.csv,25.0,26.99
118.42105263157893,4.0,0.6579748214334894,0.6478706693559809,1.0155959399852945,0.15847050650498198,0.18778859981332782,0.020357459949154593,0.015291694434704937,0.3462591063183098,0.03564915438385953,0.8438771398397473,1.331275617367344,81.08108108108125,rate_calibration_04.csv,25.5,27.49
123.28767123287672,4.0,0.6312124878870704,0.6242433102562363,1.011164200747259,0.14731331195531963,0.18094008992934388,0.019650196808914777,0.014885854476520778,0.3282534018846635,0.034536051285435555,0.8141551825957679,1.320058370845202,77.58620689655172,rate_calibration_04.csv,26.0,27.99
109.75609756097562,4.0,0.5641059907365625,0.6988931470096608,1.2389394165041652,0.1313807395011364,0.18058823974404684,0.01927781959851507,0.016629608165957727,0.31196897924518324,0.035907427764472796,0.7275154776819703,1.1592467727518958,71.85628742514963,rate_calibration_04.csv,26.5,28.49
102.85714285714285,4.0,0.45698446879713933,0.594277773376179,1.3004331962099696,0.12294742542096485,0.17225442706555916,0.018077450385349834,0.016734399974926293,0.295201852486524,0.03481185036027613,0.7137548074405756,1.080256860863603,74.99999999999993,rate_calibration_04.csv,27.0,28.99
76.92307692307692,3.0,0.37534352583927144,0.4777405081528494,1.2728087079286032,0.10261112036341646,0.10388250945752352,0.009133550148636385,0.014670367498166949,0.20649362982094,0.023803917646803334,0.9877612785757076,0.6225849590869224,75.94936708860756,rate_calibration_04.csv,27.5,29.49
98.36065573770492,4.0,0.4857791049105325,0.4763235451278817,1.0198511282496274,0.11276392497350612,0.10369116600278468,0.00942659831526478,0.01506031358477446,0.2164550909762908,0.024486911900039238,1.0874978970771512,0.6259231099141784,78.43137254901973,rate_calibration_04.csv,28.0,29.99
108.43373493975903,4.0,0.44551472049713525,0.43613621076034026,1.0215036254853613,0.10008621738180529,0.09466788440190357,0.009600039831097355,0.015820884776402595,0.19475410178370886,0.02542092460749995,1.057235175520546,0.6067953826081934,77.92207792207796,rate_calibration_04.csv,28.5,30.49
78.94736842105263,3.0,0.4350632753897978,0.459705117867446,1.056639674896876,0.10226862214228657,0.09940970681218547,0.01010718059366341,0.015126853862519845,0.20167832895447205,0.025234034456183253,1.0287589152184349,0.6681614488724721,79.64601769911499,rate_calibration_04.csv,29.0,30.99
100.0,4.0,0.4991276054382008,0.46541277180393836,1.0724407143009502,0.10837247855876357,0.10602215799684259,0.012166120757559297,0.016438719911780128,0.21439463655560614,0.028604840669339424,1.0221682014998317,0.7400893027468003,80.53691275167775,rate_calibration_04.csv,29.5,31.49
113.92405063291137,4.0,0.4759431414918392,0.4402369144749674,1.0811068446167345,0.10681924814696864,0.09777152235413383,0.012084095994363045,0.015487570906481033,0.20459077050110247,0.027571666900844078,1.0925394795435777,0.7802447567362711,83.91608391608393,rate_calibration_04.csv,30.0,31.99
83.33333333333334,3.0,0.4704987403682198,0.48773683686147384,1.0366379227280464,0.11334841244239142,0.10460262238080426,0.012599868738378777,0.013730642890373398,0.21795103482319567,0.026330511628752176,1.083609663529737,0.9176459426537551,81.81818181818171,rate_calibration_04.csv,30.5,32.49
124.13793103448276,4.0,0.49346812078598584,0.49138441865307,1.0042404725380334,0.11956567815614115,0.10313957548322589,0.013366151931150465,0.01414914781673876,0.22270525363936705,0.027515299747889226,1.1592609102369897,0.9446612689520429,81.08108108108105,rate_calibration_04.csv,31.0,32.99
104.04624277456648,4.0,0.4779850478681819,0.5414275358400199,1.1327290220788122,0.11985540656656246,0.11702958211473623,0.012073255894487501,0.012858770453202276,0.2368849886812987,0.024932026347689776,1.0241462406407278,0.9389121563703507,81.08108108108087,rate_calibration_04.csv,31.5,33.49
109.75609756097559,4.0,0.48548226614169127,0.5563189682649128,1.1459099684241554,0.11536034050717733,0.11875500941946122,0.012885208256471681,0.012898734454842435,0.23411534992663857,0.025783942711314116,0.9714145202894693,0.9989513546140432,82.19178082191762,rate_calibration_04.csv,32.0,33.99
87.5912408759124,3.0,0.4557358184902067,0.516721864654959,1.1338188566498701,0.10343885630222906,0.12089276605705408,0.013688453595048338,0.012464156433779643,0.22433162235928314,0.02615261002882798,0.8556248622304842,1.0982254328861498,84.50704225352102,rate_calibration_04.csv,32.5,34.49
84.50704225352113,3.0,0.42284820555380515,0.47371794026012587,1.1203025909491482,0.09029811848839053,0.11870933514028843,0.014140110859997173,0.011852381556720599,0.20900745362867895,0.02599249241671777,0.7606656913854157,1.193018533222918,81.08108108108125,rate_calibration_04.csv,33.0,34.99
98.36065573770492,4.0,0.44863921983756205,0.5436367387416823,1.2117459078555721,0.09936443388174379,0.1053225539324926,0.014298562048224845,0.0114132163346566,0.2046869878142364,0.025711778382881446,0.943429779963675,1.2528074145766255,80.0,rate_calibration_04.csv,33.5,35.49
101.69491525423729,4.0,0.4668078275772004,0.42550113618778185,1.0970777463945223,0.10642057619438736,0.10328343869138898,0.015178146033565524,0.012305856308084883,0.20970401488577634,0.027484002341650406,1.030374061347552,1.233408358879793,77.92207792207796,rate_calibration_04.csv,34.0,35.99
113.92405063291137,4.0,0.49254009318514436,0.4580167803013122,1.0753756507810053,0.11313854556482583,0.10169392510303152,0.01503665901567178,0.01206981619153039,0.21483247066785735,0.02710647520720217,1.1125398636172137,1.2458067941600701,78.43137254901956,rate_calibration_04.csv,34.5,36.49
92.78350515463917,4.0,0.5305469885288265,0.4888122645973375,1.0853798624833366,0.12846717851102585,0.10624401034464889,0.013759806985476367,0.012159708251869841,0.23471118885567474,0.02591951523734621,1.209171021446634,1.1315902240796338,80.35714285714278,rate_calibration_04.csv,35.0,36.99
116.88311688311688,4.0,0.4887506389466101,0.49273348183862836,1.0081490285119676,0.1283353333220434,0.10350720829328687,0.013916240224499693,0.0130594874582473,0.23184254161533024,0.026975727682746992,1.2398685602495068,1.065603858420289,81.63265306122456,rate_calibration_04.csv,35.5,37.49
81.08108108108108,3.0,0.503811383791637,0.47251704403871914,1.066229017868726,0.13336571121959767,0.11077998039242416,0.01366835912821254,0.013036837994055504,0.24414569161202182,0.026705197122268043,1.2038791733593597,1.048441281117783,80.53691275167775,rate_calibration_04.csv,36.0,37.99
120.80536912751678,4.0,0.4880821422888784,0.5553538389062055,1.1378286374130675,0.13614851411378975,0.1081562002318968,0.014039830073568465,0.012907482395808294,0.24430471434568657,0.02694731246937676,1.2588137695469594,1.087728004814316,81.08108108108112,rate_calibration_04.csv,36.5,38.49
92.3076923076923,4.0,0.6248267434585788,0.5580852776208088,1.1195900850893212,0.1442811393335593,0.11828551206285044,0.014553833572775874,0.01477178359104783,0.2625666513964097,0.029325617163823703,1.2197701714889326,0.9852455177854054,88.2352941176471,rate_calibration_04.csv,37.0,38.99
93.02325581395348,3.0,0.5295294242849424,0.5721048654527209,1.0804024086579718,0.15156780645313633,0.12426276899564864,0.014890013308782387,0.016231134868415615,0.275830575448785,0.031121148177198,1.2197362707927732,0.9173735188262816,97.29729729729759,rate_calibration_04.csv,37.5,39.49
115.38461538461539,4.0,0.6273253883473209,0.5764197243076483,1.0883135359408747,0.15566017570603816,0.11765151427234112,0.014044563142335851,0.016127453168343433,0.2733116899783793,0.030172016310679284,1.3230613874268897,0.8708481739636308,97.29729729729759,rate_calibration_04.csv,38.0,39.99
104.04624277456648,4.0,0.6358243867753144,0.7357822276174125,1.1572098254190128,0.1583023724526263,0.12809350138525924,0.013837250057404805,0.01844690690189494,0.28639587383788556,0.032284156959299745,1.2358345329050662,0.7501122074825123,109.0909090909092,rate_calibration_04.csv,38.5,40.49
107.14285714285715,4.0,0.5736285867858397,0.7060985035278581,1.2309332550601686,0.14631580456481785,0.12260875157422212,0.014928637795035215,0.0186212049346841,0.26892455613904,0.033549842729719316,1.1933553085421027,0.8017009558403462,105.26315789473679,rate_calibration_04.csv,39.0,40.99
103.44827586206897,4.0,0.5997932107638411,0.7339738765791636,1.2237115449246958,0.15096857004865197,0.12639589914279908,0.01402677492787748,0.019022767269958208,0.2773644691914511,0.033049542197835687,1.1944103493270084,0.7373677409190265,105.26315789473679,rate_calibration_04.csv,39.5,41.49
104.65116279069767,4.0,0.5246638144657317,0.7683117871157635,1.4643887493901975,0.13789313467338687,0.1354389447388837,0.01583960853338559,0.019293920576446067,0.27333207941227056,0.035133529109831654,1.0181202676913548,0.8209637056722683,101.6949152542371,rate_calibration_04.csv,40.0,41.99
100.84033613445379,3.0,0.515359918214885,0.605920707949797,1.175723385801128,0.131294962832795,0.126296143193595,0.015851274999388168,0.018056871740329435,0.25759110602639,0.03390814673971761,1.0395801448310062,0.877852776900711,103.8961038961038,rate_calibration_04.csv,40.5,42.49
104.34782608695653,3.0,0.5747729149250405,0.60640865892136,1.0550404223560974,0.1410280691815372,0.1296704988765685,0.01470396615914224,0.016909075642412362,0.2706985680581057,0.0316130418015546,1.0875879278892866,0.869590181633635,104.65116279069775,rate_calibration_04.csv,41.0,42.99
102.56410256410257,3.0,0.505772944690203,0.5152338097293357,1.0187057554945487,0.12272379470953423,0.11855717317389065,0.014572197041961317,0.01444465199358576,0.2412809678834249,0.029016849035547077,1.03514440690596,1.0088299149354512,106.19469026548649,rate_calibration_04.csv,41.5,43.49
102.85714285714285,4.0,0.5524098437040333,0.5330444431278807,1.0363298048142429,0.1372806600658665,0.09674235685860488,0.013184900882080236,0.013063297726460373,0.2340230169244714,0.026248198608540607,1.419033653134076,1.0093087640017229,60.6060606060607,rate_calibration_04.csv,42.0,43.99
107.78443113772455,4.0,0.5680219310987838,0.48113178580261884,1.1805953126776187,0.13791591256473465,0.09535118731859883,0.014571455596591796,0.01206124521430729,0.2332670998833335,0.026632700810899086,1.4463995304422739,1.2081219921892346,60.6060606060607,rate_calibration_04.csv,42.5,44.49
107.78443113772455,4.0,0.5832105351554497,0.383951003938912,1.5189712467798122,0.1473088919389855,0.07337394027532332,0.0166328528153888,0.012546483514976935,0.22068283221430882,0.029179336330365735,2.007645921511558,1.3256983756073089,113.20754716981108,rate_calibration_04.csv,43.0,44.99
107.78443113772455,4.0,0.6553207441048784,0.34963714327535533,1.8742881204380026,0.16762306247159786,0.08361211907693372,0.01865463093736746,0.013859440991605788,0.2512351815485316,0.03251407192897325,2.004769934336474,1.3459872550895784,113.20754716981108,rate_calibration_04.csv,43.5,45.49
107.78443113772455,4.0,0.7232398897880652,0.36845450506268473,1.9629014704678973,0.1730720618015664,0.08823299364737335,0.020149530023798868,0.014053267398503908,0.2613050554489397,0.034202797422302776,1.961534508205125,1.4337968141091486,113.74407582938392,rate_calibration_04.csv,44.0,45.99
110.42944785276073,4.0,0.7796538911895662,0.3776298102305689,2.0645983713879317,0.18273713828851829,0.08738586953079469,0.020041335730372457,0.014389772188227387,0.270123007819313,0.034431107918599844,2.091152028007479,1.3927486459284426,114.83253588516727,rate_calibration_04.csv,44.5,46.49
108.43373493975903,4.0,0.7670512171500224,0.3815500159631873,2.0103556154064717,0.17792777170382196,0.09050565936524953,0.019550814958498895,0.01340296252204667,0.26843343106907147,0.032953777480545565,1.9659297877248432,1.4586935482614054,111.62790697674426,rate_calibration_04.csv,45.0,46.99
108.43373493975903,4.0,0.7536098858374425,0.3467918979167183,2.1730896551061325,0.17375960233457194,0.08769967305364026,0.020287579741280582,0.012587196350672547,0.26145927538821223,0.03287477609195313,1.981302737905241,1.6117631898382674,112.6760563380284,rate_calibration_04.csv,45.5,47.49
108.43373493975903,4.0,0.7085747216201692,0.36033260199979095,1.9664463267761165,0.1666624629473619,0.08307796289519315,0.021291391945028843,0.012762752784697705,0.24974042584255504,0.03405414472972655,2.006097130205451,1.6682444848854874,111.80124223602488,rate_calibration_04.csv,46.0,47.99
108.43373493975903,4.0,0.6929676036891258,0.36682360740106146,1.8891030721789925,0.1664712409302327,0.08239644647878916,0.020507818654506488,0.012530055644989383,0.24886768740902185,0.03303787429949587,2.0203691790650997,1.6366901501117688,107.14285714285715,rate_calibration_04.csv,46.5,48.49
105.88235294117645,4.0,0.6959467941719782,0.4009121751690404,1.7359083541888936,0.1675055731276024,0.08672209041189473,0.019967463007291002,0.014311340502666614,0.2542276635394971,0.034278803509957614,1.9315213958983104,1.3952196164692252,103.44827586206885,rate_calibration_04.csv,47.0,48.99
107.78443113772455,4.0,0.6236627737354936,0.3936660922928864,1.584243057620239,0.15289561042499664,0.08678954450013088,0.017722861050144815,0.013869011961088184,0.2396851549251275,0.031591873011233,1.761682369755565,1.2778748118372991,99.44751381215458,rate_calibration_04.csv,47.5,49.49
105.26315789473685,4.0,0.6082554959702869,0.42180783703282354,1.442020376503708,0.15646442546348835,0.08927449617043079,0.014781385433286076,0.01396317592265633,0.24573892163391914,0.028744561355942406,1.7526217696573458,1.0585976653994698,96.25668449197873,rate_calibration_04.csv,48.0,49.99
105.88235294117645,4.0,0.5988193011211812,0.40892942695858725,1.4643585461063537,0.1509904278867265,0.09081326263726971,0.014815075719718036,0.01371483028741125,0.24180369052399622,0.028529906007129284,1.6626473215682058,1.0802230439057414,103.8961038961038,rate_calibration_04.csv,48.5,50.49
107.78443113772455,4.0,0.6182353400211456,0.3665428019825353,1.6866661592514445,0.15857525574657172,0.08586809780575971,0.0142387588677447,0.011643382643921375,0.24444335355233143,0.025882141511666075,1.8467307393402521,1.2229056884236544,109.0909090909093,rate_calibration_04.csv,49.0,50.99
93.75,4.0,0.6901074447948464,0.3799504170983231,1.8163092175689368,0.18122395651966927,0.09113062580662154,0.015363501262952467,0.012188522440949425,0.27235458232629084,0.02755202370390189,1.988617491821301,1.2604892297146828,111.11111111111092,rate_calibration_04.csv,49.5,51.49
104.04624277456648,4.0,0.6712576069708555,0.4089035849713871,1.6416036240372567,0.18003492692767653,0.118522778252576,0.017565909461248606,0.013900267593714686,0.29855770518025254,0.031466177054963296,1.518990101160269,1.2637101654928875,119.20529801324462,rate_calibration_04.csv,50.0,51.99
107.78443113772454,4.0,0.6866494939712368,0.45467983452140676,1.5101824225259515,0.18412052582407545,0.11768820249008603,0.017463384801878302,0.013475018781641108,0.3018087283141615,0.03093840358351941,1.564477338666003,1.2959822234660705,104.04624277456665,rate_calibration_04.csv,50.5,52.49
117.6470588235294,4.0,0.6605024129198929,0.46143622399065576,1.4314056386983356,0.17104714972953944,0.11612709090972802,0.018524190876102048,0.013695104092651946,0.28717424063926744,0.032219294968753996,1.4729306347861912,1.3526140984967854,104.04624277456624,rate_calibration_04.csv,51.0,52.99
119.20529801324504,4.0,0.6466386217402129,0.46654326973889876,1.3860206837880324,0.15948869416012781,0.11783536298701923,0.018243043290816927,0.0140722083556988,0.27732405714714703,0.032315251646515726,1.35348752799868,1.2963880884714922,109.0909090909092,rate_calibration_04.csv,51.5,53.49
114.64968152866243,4.0,0.6503098448601963,0.4429527764214045,1.4681245484315961,0.15377009006020004,0.1059829280522848,0.016201303722288698,0.012757858071108302,0.25975301811248486,0.028959161793396998,1.4508949024727857,1.2699078193210576,113.20754716981108,rate_calibration_04.csv,52.0,53.99
111.80124223602483,4.0,0.6430451680740406,0.47173759190011516,1.363141668409156,0.15140022304651532,0.10927706917565737,0.01794109400063982,0.013258155738161822,0.2606772922221727,0.031199249738801643,1.3854711165720148,1.3532118912284903,113.20754716981146,rate_calibration_04.csv,52.5,54.49
113.92405063291137,4.0,0.625263606128277,0.5131765094986427,1.2184182139185207,0.1421236914428632,0.11094264785578717,0.017259048596078113,0.013416258195490015,0.25306633929865036,0.03067530679156813,1.2810555200341696,1.2864278806053302,110.59907834101374,rate_calibration_04.csv,53.0,54.99
111.1111111111111,4.0,0.5907669551859953,0.5148387010620012,1.1474796940621799,0.138728648207272,0.10512623117659527,0.017390460534744037,0.01332616128532694,0.24385487938386724,0.030716621820070976,1.319638749098025,1.3049864970411382,106.66666666666667,rate_calibration_04.csv,53.5,55.49
107.78443113772455,4.0,0.5522589302430829,0.39743120464944265,1.3895711352866902,0.13867536667516656,0.09735433850394214,0.01791287979055417,0.014307275297617052,0.2360297051791087,0.03222015508817122,1.424439514522008,1.2520119602044457,107.62331838565038,rate_calibration_04.csv,54.0,55.99
123.71134020618557,5.0,0.6105222464003037,0.391755607039218,1.5584263133193275,0.12832615765790714,0.09265243281960618,0.02130562520294576,0.014354899442908636,0.22097859047751334,0.0356605246458544,1.3850273948851135,1.4842058133309184,107.62331838565004,rate_calibration_04.csv,54.5,56.49
42.25352112676057,2.0,0.6146739585332986,0.7921417214128923,1.288718531858837,0.1488479488201654,0.3241500650282935,0.022310526082462537,0.020473719650055008,0.4729980138484589,0.042784245732517545,0.4591945672050788,1.089715325979009,109.0909090909092,rate_calibration_04.csv,55.0,56.99
125.0,2.0,0.509042835053672,1.2842051673026411,2.5227840937339554,0.14114306456676273,0.52550595081438,0.023432795833637537,0.026759703303570682,0.6666490153811427,0.05019249913720822,0.2685850928006284,0.8756747250822763,108.10810810810817,rate_calibration_04.csv,55.5,57.49
101.69491525423729,2.0,0.8326610360669763,2.2675933779138018,2.723309101413753,0.24135102494694968,0.9279154487626813,0.031115033593939728,0.07891073423651057,1.169266473709631,0.1100257678304503,0.260100233559832,0.3943067301931575,113.20754716981108,rate_calibration_04.csv,56.0,57.99
